parameter,covariate,truth,estimate,cluster_se,t_stat,wald_z_vs_zero
mu,const,1.0,1.0126393006995156,0.015361564088897056,0.822787355921064,65.92032522465765
mu,shock,-0.6,-0.5960648607641874,0.006456703729653279,0.609465665543846,-92.31720793176238
mu,exposure,0.2,0.19817286731096093,0.012404559562062215,-0.14729524896854382,15.97580843716916
mu,size,0.3,0.31267553162263895,0.012404711385885505,1.0218320465772064,25.20619157479243
mu,shock*exposure,-0.5,-0.49589019469282275,0.005604728501724039,0.7332746458482433,-88.47711259167768
mu,shock*size,0.0,0.005487809161872797,0.005438483400337423,1.0090697641059847,1.0090697641059847
log_sigma,const,0.0,-0.018419247884248743,0.01907566720732254,-0.9655886572176192,-0.9655886572176192
log_sigma,shock,0.25,0.27612751702019234,0.013975194540371948,1.8695637434394494,19.758402376618598
log_sigma,exposure,0.1,0.15114264577186645,0.017284875039885024,2.9588091122356555,8.744213968750325
log_sigma,size,-0.15,-0.18183016574434344,0.018003672253907494,-1.7679818481162954,-10.099615410677076
log_sigma,shock*exposure,0.15,0.10690669976859707,0.01241606205900684,-3.4707703639530583,8.61035481785829
log_sigma,shock*size,0.0,-0.019251183146228725,0.01115004279715237,-1.7265568838126182,-1.7265568838126182
eps,const,0.0,-0.014366995112177627,0.010290987513533745,-1.3960754585780517,-1.3960754585780517
eps,shock,-0.35,-0.35558622784558575,0.0063452548705339425,-0.8803787963706642,-56.039707639933425
eps,exposure,0.0,-0.004136535040541144,0.008498328097090854,-0.4867469216629988,-0.4867469216629988
eps,size,0.1,0.10490388471077144,0.008988774933696339,0.545556513200501,11.670543036684217
eps,shock*exposure,-0.25,-0.26079418482158045,0.006886204155447765,-1.5675086851790527,-37.87197982146127
eps,shock*size,0.0,0.011372327405352723,0.007512067994754076,1.513874396942945,1.513874396942945
log_delta,const,0.0,-0.008334437791692144,0.012544593670851444,-0.664384834644585,-0.664384834644585
log_delta,shock,-0.15,-0.13276643327626175,0.008353925845745092,2.0629302967198138,-15.892699519697524
log_delta,exposure,0.0,0.03404375558137825,0.010498333799525469,3.242777018855797,3.242777018855797
log_delta,size,0.0,-0.020887434799685745,0.011693009282966054,-1.7863181576460212,-1.7863181576460212
log_delta,shock*exposure,-0.05,-0.07103405041142748,0.006759924963044339,-3.111580457833184,-10.508112264523898
log_delta,shock*size,0.0,-0.006794609871758085,0.006864374545997772,-0.9898367034356593,-0.9898367034356593
