quintile,tercile,median,iqr,p90_p10,n
1,Low,1.0741943542343257,5.392392155632425,12.661092433652021,72331
1,Middle,0.8893280632411127,5.3780361718490095,12.463098342328443,75405
1,High,1.059909800964598,5.681739425737748,13.62268918218592,72651
2,Low,1.1822064978211255,4.763327476197999,10.497748280439156,72351
2,Middle,1.0454922049979776,4.74110540859726,10.507977676368474,75422
2,High,1.1589905687270141,4.978583671299286,11.257072170753124,72672
3,Low,1.2276695575862973,4.436252673521548,9.682488943700832,72350
3,Middle,1.099149663814758,4.390756176923655,9.663986251799763,75420
3,High,1.2193658097429338,4.664953314424924,10.362388979733302,72667
4,Low,1.2487233499297812,4.1147752031791605,9.061926503244312,72351
4,Middle,1.1627990542976585,4.079648300972972,9.078871261697397,75422
4,High,1.2502438699874108,4.32340948793804,9.594982345465048,72672
5,Low,1.3824173634039538,4.140213086748182,9.646827401543003,72368
5,Middle,1.274260276858974,4.1151870107293265,9.526370890391664,75443
5,High,1.2936849080472657,4.298706830305887,10.016539302681549,72688
