Year,Banks,Up,Down,Exited,Ever changed
2017,5913,0.029426686960933535,0.02824285472687299,0.04194148486385929,0.0837138508371385
2018,5670,0.024691358024691357,0.027865961199294534,0.04797178130511464,0.07971781305114639
2019,5406,0.030891601923788384,0.029226785053644098,0.04476507584165742,0.08379578246392896
2020,5177,0.038632412594166506,0.04423411242032065,0.035348657523662355,0.10855707938960787
2021,5002,0.02898840463814474,0.032387045181927226,0.03458616553378648,0.08716513394642143
2022,4839,0.04174416201694565,0.033064682785699524,0.03058483157677206,0.09795412275263485
2023,4706,0.029749256268593285,0.03357416064598385,0.026561835954101148,0.0856353591160221
2024,4587,0.02419882275997384,0.031393067364290386,0.023108785698713757,0.07979071288423806
2025,4487,0.026966792957432584,0.027189659014932026,0.03409850679741475,0.078003120124805
2026*,4338,0.02120792992162287,0.022130013831258646,0.02466574458275703,0.04979253112033195
