variable,quintile,regime,quarters,median,iqr,kelley
assets,1,expansion,126,0.9141373170360059,5.218093541741307,0.21417238817639758
assets,1,recession,11,2.0112134907010177,6.270617595571398,0.3240406397122202
assets,2,expansion,126,1.0474878411945368,4.578082196230826,0.16167048522615227
assets,2,recession,11,2.1596256808596537,5.478488894437685,0.22957227831712315
assets,3,expansion,126,1.116933753321581,4.246326256978509,0.14958292553767435
assets,3,recession,11,2.235634453535631,5.044739157306569,0.1837103689318459
assets,4,expansion,126,1.1737039499973152,3.9591150193374975,0.14155518588943625
assets,4,recession,11,2.282067964528453,4.661736136986033,0.15956701975282594
assets,5,expansion,126,1.2730799366769854,3.9291192978197516,0.166818732873378
assets,5,recession,11,2.2705541211672524,4.870838962436875,0.14852935147031995
equity_ratio,1,expansion,126,-0.0010272887624773318,0.7409483695328872,-0.20663350880709447
equity_ratio,1,recession,11,-0.14981704206585936,0.9194944520909492,-0.4097111255400035
equity_ratio,2,expansion,126,0.020902620984676552,0.6061563972137994,-0.09626494771485325
equity_ratio,2,recession,11,-0.11617845389266869,0.7445988508165549,-0.2269330420917856
equity_ratio,3,expansion,126,0.029671115594797164,0.5445361314589081,-0.06925498215352673
equity_ratio,3,recession,11,-0.09404304931672627,0.646737641015169,-0.14146586400343544
equity_ratio,4,expansion,126,0.03769822001683743,0.49036791261815993,-0.05108409844435383
equity_ratio,4,recession,11,-0.0938106812458439,0.5846737355601288,-0.11199991546249201
equity_ratio,5,expansion,126,0.042642007538312675,0.46114461990701117,-0.03810845281981838
equity_ratio,5,recession,11,-0.10595665677825306,0.5993962331709323,-0.0742189858996369
roa,1,expansion,126,0.006761956340707834,0.7067260965300289,0.03007728904778687
roa,1,recession,11,-0.00739625193853377,0.8258417471773583,0.0760245620308146
roa,2,expansion,126,0.007566106558913928,0.5224916842111068,0.007288611420866823
roa,2,recession,11,-0.015848560792508112,0.6323093419030713,-0.0004963292018131342
roa,3,expansion,126,0.003950240084670723,0.44491809721650893,-0.005145464949039122
roa,3,recession,11,-0.019147818129543904,0.5643688514091738,-0.04614990497481048
roa,4,expansion,126,0.004058177303114856,0.3814000667594714,-0.012877332539806602
roa,4,recession,11,-0.026491754717138428,0.539698622945389,-0.07960301577844421
roa,5,expansion,126,0.005330117719721676,0.3469550563018139,-0.019133571335570018
roa,5,recession,11,-0.05173174223488954,0.6343251547176365,-0.13028895973541646
nim,1,expansion,126,0.002074886616946661,0.343398172259739,0.0016390295871276433
nim,1,recession,11,-0.047292696247492036,0.4361136127372864,-0.06555200095569856
nim,2,expansion,126,0.0023495892710842592,0.2897433825681609,-0.01047546830086652
nim,2,recession,11,-0.028239130517474873,0.3693542619319714,-0.03843567279913541
nim,3,expansion,126,0.001943423991725369,0.26338347463426887,-0.01074866125973971
nim,3,recession,11,-0.025775202503630936,0.34766274068170605,-0.04441235725664182
nim,4,expansion,126,-0.0004275733879677526,0.23784103276658172,-0.008569523209699583
nim,4,recession,11,-0.01965580091563115,0.3129779205141881,-0.056010695454529705
nim,5,expansion,126,-0.004968974503585496,0.2175135990646658,0.003714255511569758
nim,5,recession,11,-0.022275145350551417,0.2984802231305315,-0.09839004138254301
